year,month,tag,count
2010,6,c#,6223
2010,6,java,4358
2010,6,php,4168
2010,6,javascript,3505
2010,6,iphone,3296
2010,6,jquery,3131
2010,6,c++,2867
2010,6,.net,2531
2010,6,asp.net,2497
2010,6,python,2241
2010,6,android,2071
2010,6,mysql,1793
2010,6,html,1654
2010,6,sql,1637
2010,6,objective-c,1445
2010,6,ruby-on-rails,1368
2010,6,css,1248
2010,6,c,1177
2010,6,wpf,1078
2010,6,sql-server,878
2010,6,ruby,869
2010,6,asp.net-mvc,868
2010,6,xml,844
2010,6,regex,749
2010,6,django,709
2010,6,ajax,677
2010,6,windows,665
2010,6,database,637
2010,6,vb.net,560
2010,6,linux,532
2010,6,silverlight,505
2010,6,visual-studio,494
2010,6,winforms,485
2010,6,visual-studio-2010,478
2010,6,multithreading,477
2010,6,performance,465
2010,6,flex,458
2010,6,arrays,454
2010,6,string,452
2010,6,actionscript-3,436
2010,6,cocoa,430
2010,6,linq,420
2010,6,perl,418
2010,6,flash,415
2010,6,wcf,406
2010,6,algorithm,404
2010,6,eclipse,401
2010,6,image,400
2010,6,xcode,398
2010,6,oracle,389
2010,6,visual-studio-2008,377
2010,6,ipad,366
2010,6,osx,360
2010,6,web-services,351
2010,6,sql-server-2005,347
2010,6,cocoa-touch,345
2010,6,delphi,331
2010,6,apache,329
2010,6,facebook,325
2010,6,security,319
2010,6,google-app-engine,316
2010,6,json,316
2010,6,qt,316
2010,6,oop,316
2010,6,asp.net-mvc-2,314
2010,6,hibernate,309
2010,6,tsql,306
2010,6,drupal,303
2010,6,winapi,301
2010,6,git,299
2010,6,unit-testing,298
2010,6,forms,298
2010,6,sql-server-2008,281
2010,6,svn,276
2010,6,file,274
2010,6,debugging,268
2010,6,wordpress,266
2010,6,excel,261
2010,6,nhibernate,259
2010,6,spring,257
2010,6,internet-explorer,248
2010,6,entity-framework,247
2010,6,core-data,245
2010,6,events,241
2010,6,validation,241
2010,6,linq-to-sql,239
2010,6,postgresql,237
2010,6,parsing,235
2010,6,visual-c++,233
2010,6,class,232
2010,6,jquery-ui,227
2010,6,http,227
2010,6,sharepoint,223
2010,6,design-patterns,218
2010,6,templates,217
2010,6,zend-framework,209
2010,6,swing,209
2010,6,html5,204
2010,6,ms-access,204
2010,6,shell,199
2010,6,bash,199
2010,6,api,193
2010,6,sockets,192
2010,6,jsp,191
2010,6,.htaccess,191
2010,6,list,189
2010,6,session,189
2010,6,design,188
2010,6,function,186
2010,6,math,186
2010,6,generics,186
2010,6,sqlite,183
2010,6,jsf,183
2010,6,xaml,181
2010,6,email,181
2010,6,xslt,179
2010,6,r,179
2010,6,caching,178
2010,6,codeigniter,177
2010,6,scala,176
2010,6,datetime,175
2010,6,maven-2,175
2010,6,gwt,172
2010,6,google-maps,172
2010,6,data-binding,172
2010,6,web-applications,170
2010,6,uitableview,170
2010,6,stored-procedures,166
2010,6,database-design,166
2010,6,vba,166
2010,6,serialization,164
2010,6,iis,163
2010,6,gui,161
2010,6,testing,160
2010,6,reflection,160
2010,6,optimization,160
2010,6,.net-4.0,158
2010,6,inheritance,158
2010,6,authentication,157
2010,6,memory-management,156
2010,6,search,156
2010,6,ios4,156
2010,6,scripting,155
2010,6,exception,153
2010,6,logging,152
2010,6,url,151
2010,6,tomcat,151
2010,6,cakephp,151
2010,6,firefox,150
2010,6,.net-3.5,150
2010,6,unix,148
2010,6,matlab,147
2010,6,model-view-controller,145
2010,6,servlets,143
2010,6,language-agnostic,143
2010,6,jpa,142
2010,6,table,141
2010,6,mvvm,141
2010,6,binding,140
2010,6,sorting,139
2010,6,silverlight-4.0,139
2010,6,boost,139
2010,6,gcc,138
2010,6,orm,138
2010,6,grails,138
2010,6,pdf,137
2010,6,iphone-sdk-3.0,137
2010,6,audio,136
2010,6,mod-rewrite,136
2010,6,unicode,135
2010,6,variables,135
2010,6,listview,134
2010,6,pointers,134
2010,6,encryption,132
2010,6,drupal-6,132
2010,6,deployment,132
2010,6,java-ee,132
2010,6,rest,131
2010,6,vim,131
2010,6,version-control,130
2010,6,date,128
2010,6,networking,126
2010,6,com,126
2010,6,user-interface,125
2010,6,dom,123
2010,6,plugins,123
2010,6,google-chrome,122
2010,6,activerecord,121
2010,6,blackberry,121
2010,6,dynamic,121
2010,6,types,120
2010,6,dll,119
2010,6,memory,119
2010,6,command-line,119
2010,6,data-structures,119
2010,6,javascript-events,119
2010,6,opengl,118
2010,6,soap,118
2010,6,loops,118
2010,6,mercurial,116
2010,6,redirect,116
2010,6,xhtml,115
2010,6,select,115
2010,6,cookies,115
2010,6,c#-4.0,114
2010,6,join,114
2010,6,netbeans,114
2010,6,object,114
2010,6,browser,113
2010,6,text,113
2010,6,architecture,113
2010,6,memory-leaks,112
2010,6,latex,112
2010,6,video,111
2010,6,interface,111
2010,6,haskell,111
2010,6,image-processing,111
2010,6,post,111
2010,6,jquery-plugins,110
2010,6,layout,110
2010,6,xpath,110
2010,6,collections,109
2010,6,actionscript,109
2010,6,batch-file,109
2010,6,stl,108
2010,6,graphics,107
2010,6,f#,106
2010,6,iis-7,105
2010,6,windows-7,104
2010,6,ssl,102
2010,6,vbscript,102
2010,6,animation,101
2010,6,ant,101
2010,6,compiler,100
2010,6,data,100
2010,6,gridview,99
2010,6,iframe,97
2010,6,syntax,97
2010,6,jdbc,96
2010,6,mfc,95
2010,6,printing,95
2010,6,safari,95
2010,6,msbuild,95
2010,6,ubuntu,94
2010,6,button,94
2010,6,jboss,94
2010,6,ado.net,94
2010,6,vb6,93
2010,6,groovy,93
2010,6,datagrid,92
2010,6,django-models,92
2010,6,magento,92
2010,6,file-upload,92
2010,6,curl,92
2010,6,csv,92
2010,6,encoding,91
2010,6,reference,91
2010,6,macros,91
2010,6,asp-classic,91
2010,6,internationalization,90
2010,6,reporting-services,89
2010,6,hash,89
2010,6,properties,89
2010,6,programming-languages,89
2010,6,emacs,89
2010,6,file-io,89
2010,6,interface-builder,89
2010,6,assembly,89
2010,6,jquery-selectors,88
2010,6,sharepoint-2010,88
2010,6,coding-style,88
2010,6,spring-mvc,88
2010,6,symfony1,87
2010,6,c#-3.0,86
2010,6,utf-8,86
2010,6,configuration,86
2010,6,frameworks,86
2010,6,cross-browser,85
2010,6,ios,84
2010,6,opengl-es,84
2010,6,open-source,83
2010,6,plsql,83
2010,6,twitter,82
2010,6,process,82
2010,6,uiview,81
2010,6,ruby-on-rails-3,81
2010,6,concurrency,81
2010,6,routing,80
2010,6,qt4,80
2010,6,menu,80
2010,6,exception-handling,79
2010,6,joomla,79
2010,6,user-controls,79
2010,6,transactions,79
2010,6,clojure,78
2010,6,air,78
2010,6,ide,78
2010,6,entity-framework-4,78
2010,6,mongodb,78
2010,6,random,78
2010,6,namespaces,77
2010,6,internet-explorer-8,77
2010,6,header,77
2010,6,rubygems,77
2010,6,dependency-injection,77
2010,6,coldfusion,76
2010,6,permissions,76
2010,6,casting,76
2010,6,flex4,76
2010,6,combobox,75
2010,6,content-management-system,75
2010,6,uiviewcontroller,75
2010,6,powershell,75
2010,6,https,75
2010,6,model,74
2010,6,parameters,74
2010,6,checkbox,74
2010,6,ssis,74
2010,6,django-admin,74
2010,6,compilation,74
2010,6,upload,73
2010,6,enums,73
2010,6,localization,73
2010,6,module,72
2010,6,tcp,72
2010,6,sharepoint-2007,72
2010,6,embedded,72
2010,6,build,72
2010,6,excel-vba,72
2010,6,login,72
2010,6,3d,71
2010,6,web-config,71
2010,6,dictionary,71
2010,6,time,71
2010,6,textbox,71
2010,6,asynchronous,71
2010,6,interop,71
2010,6,resources,71
2010,6,fluent-nhibernate,70
2010,6,character-encoding,70
2010,6,triggers,70
2010,6,input,70
2010,6,selenium,70
2010,6,vector,69
2010,6,methods,69
2010,6,service,69
2010,6,extjs,69
2010,6,refactoring,68
2010,6,uinavigationcontroller,68
2010,6,formatting,68
2010,6,import,68
2010,6,replace,67
2010,6,graph,67
2010,6,website,67
2010,6,ms-word,67
2010,6,colors,66
2010,6,datagridview,66
2010,6,windows-mobile,66
2010,6,ftp,66
2010,6,tfs,66
2010,6,garbage-collection,65
2010,6,hyperlink,64
2010,6,url-rewriting,64
2010,6,mobile,63
2010,6,webkit,63
2010,6,flex3,63
2010,6,attributes,63
2010,6,internet-explorer-7,63
2010,6,rss,63
2010,6,passwords,63
2010,6,seo,62
2010,6,filter,62
2010,6,java-me,62
2010,6,xsd,62
2010,6,linker,62
2010,6,uiwebview,62
2010,6,webforms,62
2010,6,solr,62
2010,6,insert,62
2010,6,jqgrid,62
2010,6,c++-cli,61
2010,6,constructor,61
2010,6,recursion,60
2010,6,documentation,60
2010,6,delegates,60
2010,6,dns,60
2010,6,junit,60
2010,6,assemblies,60
2010,6,static,60
2010,6,if-statement,59
2010,6,listbox,59
2010,6,compact-framework,59
2010,6,error-handling,59
2010,6,uitableviewcell,59
2010,6,path,58
2010,6,active-directory,58
2010,6,scrolling,58
2010,6,licensing,58
2010,6,ssh,58
2010,6,oauth,58
2010,6,locking,58
2010,6,null,57
2010,6,view,57
2010,6,controller,57
2010,6,event-handling,57
2010,6,installation,57
2010,6,functional-programming,57
2010,6,views,57
2010,6,uiscrollview,57
2010,6,annotations,57
2010,6,applet,57
2010,6,sdk,57
2010,6,lambda,56
2010,6,crystal-reports,56
2010,6,canvas,56
2010,6,android-activity,56
2010,6,xml-serialization,56
2010,6,merge,55
2010,6,fonts,55
2010,6,resize,55
2010,6,controls,55
2010,6,drag-and-drop,55
2010,6,asp.net-ajax,55
2010,6,jar,55
2010,6,callback,54
2010,6,map,54
2010,6,floating-point,54
2010,6,windows-services,54
2010,6,dialog,54
2010,6,background,54
2010,6,treeview,53
2010,6,android-emulator,53
2010,6,visual-studio-2005,53
2010,6,timer,53
2010,6,hudson,53
2010,6,full-text-search,52
2010,6,nunit,52
2010,6,doctrine,52
2010,6,tags,52
2010,6,proxy,52
2010,6,struts2,51
2010,6,internet-explorer-6,51
2010,6,multidimensional-array,51
